{
  "AA.S0001.BXY": {
    "weight": 0.25702919918198924
  }, 
  "AA.S0002.BXY": {
    "weight": 0.22782655351631872
  }, 
  "AA.S0003.BXY": {
    "weight": 0.28166239251207553
  }, 
  "AA.S0004.BXY": {
    "weight": 0.6030829959920386
  }, 
  "AA.S0005.BXY": {
    "weight": 0.2995133001112979
  }, 
  "AA.S0006.BXY": {
    "weight": 0.19190334085189076
  }, 
  "AA.S0007.BXY": {
    "weight": 0.7999191861902004
  }, 
  "AA.S0008.BXY": {
    "weight": 0.26170719635021394
  }, 
  "AA.S0009.BXY": {
    "weight": 0.4065078697961319
  }, 
  "AA.S0010.BXY": {
    "weight": 0.14196291746014525
  }, 
  "AA.S0011.BXY": {
    "weight": 0.30083467512506573
  }, 
  "AA.S0012.BXY": {
    "weight": 0.4106252619599125
  }, 
  "AA.S0013.BXY": {
    "weight": 0.09010285013074981
  }, 
  "AA.S0014.BXY": {
    "weight": 0.6220126913363014
  }, 
  "AA.S0015.BXY": {
    "weight": 0.25343869898306565
  }, 
  "AA.S0016.BXY": {
    "weight": 0.3198403864676445
  }, 
  "AA.S0017.BXY": {
    "weight": 0.5492598138303648
  }, 
  "AA.S0018.BXY": {
    "weight": 0.12783879023398803
  }, 
  "AA.S0019.BXY": {
    "weight": 0.11022741971321562
  }, 
  "AA.S0020.BXY": {
    "weight": 0.5308508328725586
  }, 
  "AA.S0021.BXY": {
    "weight": 0.3715093024393204
  }, 
  "AA.S0022.BXY": {
    "weight": 0.13640858160840952
  }, 
  "AA.S0023.BXY": {
    "weight": 0.07362758237525244
  }, 
  "AA.S0024.BXY": {
    "weight": 0.2780850730149012
  }, 
  "AA.S0025.BXY": {
    "weight": 0.9461918199283047
  }, 
  "AA.S0026.BXY": {
    "weight": 0.08897539768890023
  }, 
  "AA.S0027.BXY": {
    "weight": 0.23797307151118674
  }, 
  "AA.S0028.BXY": {
    "weight": 0.23360780155802763
  }, 
  "AA.S0029.BXY": {
    "weight": 0.07886881884782639
  }, 
  "AA.S0030.BXY": {
    "weight": 0.0767497043466925
  }, 
  "AA.S0031.BXY": {
    "weight": 0.2773230989593558
  }, 
  "AA.S0032.BXY": {
    "weight": 0.27830142715758005
  }, 
  "AA.S0033.BXY": {
    "weight": 0.4457976209344594
  }, 
  "AA.S0034.BXY": {
    "weight": 0.6888992144086089
  }, 
  "AA.S0035.BXY": {
    "weight": 0.6916449164734956
  }, 
  "AA.S0036.BXY": {
    "weight": 0.40165430721212325
  }, 
  "AA.S0037.BXY": {
    "weight": 0.2719488510829223
  }, 
  "AA.S0038.BXY": {
    "weight": 0.30720184607819817
  }, 
  "AA.S0039.BXY": {
    "weight": 0.11726101330856824
  }, 
  "AA.S0040.BXY": {
    "weight": 0.41018274254074566
  }, 
  "AA.S0041.BXY": {
    "weight": 0.8867967768410637
  }, 
  "AA.S0042.BXY": {
    "weight": 0.5434972530246973
  }, 
  "AA.S0043.BXY": {
    "weight": 0.07739185076528991
  }, 
  "AA.S0044.BXY": {
    "weight": 0.9589873986580278
  }, 
  "AA.S0045.BXY": {
    "weight": 0.6617649393260584
  }, 
  "AA.S0046.BXY": {
    "weight": 0.39770523841699984
  }, 
  "AA.S0047.BXY": {
    "weight": 0.502094531789803
  }, 
  "AA.S0048.BXY": {
    "weight": 0.5113745654835837
  }, 
  "AA.S0049.BXY": {
    "weight": 0.07873416977865733
  }, 
  "AA.S0050.BXY": {
    "weight": 0.07133324487242285
  }, 
  "AA.S0051.BXY": {
    "weight": 0.9226435712801929
  }, 
  "AA.S0052.BXY": {
    "weight": 0.45199974378608376
  }, 
  "AA.S0053.BXY": {
    "weight": 0.10892343046771885
  }, 
  "AA.S0054.BXY": {
    "weight": 0.06580900280966376
  }, 
  "AA.S0055.BXY": {
    "weight": 0.2816636694913317
  }, 
  "AA.S0056.BXY": {
    "weight": 0.32005352805823467
  }, 
  "AA.S0057.BXY": {
    "weight": 0.2939582909639021
  }, 
  "AA.S0058.BXY": {
    "weight": 0.12972800137632032
  }, 
  "AA.S0059.BXY": {
    "weight": 0.5284406821092288
  }, 
  "AA.S0060.BXY": {
    "weight": 0.543068503897217
  }, 
  "AA.S0061.BXY": {
    "weight": 0.07107235793619482
  }, 
  "AA.S0062.BXY": {
    "weight": 0.18998631708192298
  }, 
  "AA.S0063.BXY": {
    "weight": 0.5321558544036116
  }, 
  "AA.S0064.BXY": {
    "weight": 0.2125603696303805
  }, 
  "AA.S0065.BXY": {
    "weight": 0.12029509824046515
  }, 
  "AA.S0066.BXY": {
    "weight": 0.1863534468550362
  }, 
  "AA.S0067.BXY": {
    "weight": 0.3753658006247081
  }, 
  "AA.S0068.BXY": {
    "weight": 0.437260562106044
  }, 
  "AA.S0069.BXY": {
    "weight": 0.8386373683501769
  }, 
  "AA.S0070.BXY": {
    "weight": 0.2029696524544777
  }, 
  "AA.S0071.BXY": {
    "weight": 0.740308300745185
  }, 
  "AA.S0072.BXY": {
    "weight": 0.09243224892282524
  }, 
  "AA.S0073.BXY": {
    "weight": 0.5202726536205289
  }, 
  "AA.S0074.BXY": {
    "weight": 0.2956319647975686
  }, 
  "AA.S0075.BXY": {
    "weight": 0.08182451687315094
  }, 
  "AA.S0076.BXY": {
    "weight": 0.36838794988384127
  }, 
  "AA.S0077.BXY": {
    "weight": 0.23988715562570792
  }, 
  "AA.S0078.BXY": {
    "weight": 0.07319970418103074
  }, 
  "AA.S0079.BXY": {
    "weight": 0.16193174158433327
  }, 
  "AA.S0080.BXY": {
    "weight": 0.08021928937289488
  }, 
  "AA.S0081.BXY": {
    "weight": 0.12191456938500286
  }, 
  "AA.S0082.BXY": {
    "weight": 0.16192076101345076
  }, 
  "AA.S0083.BXY": {
    "weight": 0.21214603941169966
  }, 
  "AA.S0084.BXY": {
    "weight": 0.3391666571196942
  }, 
  "AA.S0085.BXY": {
    "weight": 0.14204723441320624
  }, 
  "AA.S0086.BXY": {
    "weight": 0.10270508664621596
  }, 
  "AA.S0087.BXY": {
    "weight": 0.08167314889905494
  }, 
  "AA.S0088.BXY": {
    "weight": 0.12470024063143689
  }, 
  "AA.S0089.BXY": {
    "weight": 0.7076474910700695
  }, 
  "AA.S0090.BXY": {
    "weight": 0.13575029842985195
  }, 
  "AA.S0091.BXY": {
    "weight": 0.0695758305254607
  }, 
  "AA.S0092.BXY": {
    "weight": 0.1313327821223231
  }, 
  "AA.S0093.BXY": {
    "weight": 0.3503239568647077
  }, 
  "AA.S0094.BXY": {
    "weight": 0.7114741857837136
  }, 
  "AA.S0095.BXY": {
    "weight": 0.9026127288297644
  }, 
  "AA.S0096.BXY": {
    "weight": 0.17095002126449108
  }, 
  "AA.S0097.BXY": {
    "weight": 0.9236468079928806
  }, 
  "AA.S0098.BXY": {
    "weight": 0.8525655911465226
  }, 
  "AA.S0099.BXY": {
    "weight": 0.25470026101643406
  }, 
  "AA.S0100.BXY": {
    "weight": 0.32859605718585383
  }, 
  "AA.S0101.BXY": {
    "weight": 0.2739946921460992
  }, 
  "AA.S0102.BXY": {
    "weight": 0.2523862663727214
  }, 
  "AA.S0103.BXY": {
    "weight": 0.9796368734216915
  }, 
  "AA.S0104.BXY": {
    "weight": 0.47226633132541096
  }, 
  "AA.S0105.BXY": {
    "weight": 0.07937862613599585
  }, 
  "AA.S0106.BXY": {
    "weight": 0.9532896490988477
  }, 
  "AA.S0107.BXY": {
    "weight": 0.11637317894720153
  }, 
  "AA.S0108.BXY": {
    "weight": 0.8479843407527421
  }, 
  "AA.S0109.BXY": {
    "weight": 0.10806177919303914
  }, 
  "AA.S0110.BXY": {
    "weight": 0.3717776325587743
  }, 
  "AA.S0111.BXY": {
    "weight": 0.26030180678080755
  }, 
  "AA.S0112.BXY": {
    "weight": 0.15833591155768234
  }, 
  "AA.S0113.BXY": {
    "weight": 0.08594009596354815
  }, 
  "AA.S0114.BXY": {
    "weight": 0.17323189243325768
  }, 
  "AA.S0115.BXY": {
    "weight": 0.3110803887163085
  }, 
  "AA.S0116.BXY": {
    "weight": 0.1850943954238949
  }, 
  "AA.S0117.BXY": {
    "weight": 0.5765931939263955
  }, 
  "AA.S0118.BXY": {
    "weight": 0.5883408918055639
  }, 
  "AA.S0119.BXY": {
    "weight": 0.23869581574393248
  }, 
  "AA.S0120.BXY": {
    "weight": 0.16179763445184656
  }, 
  "AA.S0121.BXY": {
    "weight": 0.6488979614050682
  }, 
  "AA.S0122.BXY": {
    "weight": 0.06577186848003169
  }, 
  "AA.S0123.BXY": {
    "weight": 0.18964086918022408
  }, 
  "AA.S0124.BXY": {
    "weight": 0.8183433113768157
  }, 
  "AA.S0125.BXY": {
    "weight": 0.2841508006044003
  }, 
  "AA.S0126.BXY": {
    "weight": 0.5752433386211626
  }, 
  "AA.S0127.BXY": {
    "weight": 0.42088620702754864
  }, 
  "AA.S0128.BXY": {
    "weight": 0.3841001972854175
  }, 
  "AA.S0129.BXY": {
    "weight": 0.31811509478325756
  }, 
  "AA.S0130.BXY": {
    "weight": 0.07881168093341444
  }, 
  "AA.S0131.BXY": {
    "weight": 0.11364948928103882
  }, 
  "AA.S0132.BXY": {
    "weight": 0.06671207259250585
  }
}