{
  "AA.S0001.BXY": {
    "weight": 0.13311734003247738
  }, 
  "AA.S0002.BXY": {
    "weight": 0.12999291816974198
  }, 
  "AA.S0003.BXY": {
    "weight": 0.12351695866021595
  }, 
  "AA.S0004.BXY": {
    "weight": 0.3464837169636104
  }, 
  "AA.S0005.BXY": {
    "weight": 0.13763888929203427
  }, 
  "AA.S0006.BXY": {
    "weight": 0.10146153073102061
  }, 
  "AA.S0007.BXY": {
    "weight": 0.40754098184292575
  }, 
  "AA.S0008.BXY": {
    "weight": 0.12153962708804959
  }, 
  "AA.S0009.BXY": {
    "weight": 0.2101932110759518
  }, 
  "AA.S0010.BXY": {
    "weight": 0.06888754371206583
  }, 
  "AA.S0011.BXY": {
    "weight": 0.159253376040804
  }, 
  "AA.S0012.BXY": {
    "weight": 0.1850164930300809
  }, 
  "AA.S0013.BXY": {
    "weight": 0.05375417119424038
  }, 
  "AA.S0014.BXY": {
    "weight": 0.37278805105221935
  }, 
  "AA.S0015.BXY": {
    "weight": 0.12318826620592893
  }, 
  "AA.S0016.BXY": {
    "weight": 0.15894577634384258
  }, 
  "AA.S0017.BXY": {
    "weight": 0.32070570168548024
  }, 
  "AA.S0018.BXY": {
    "weight": 0.06259482433039422
  }, 
  "AA.S0019.BXY": {
    "weight": 0.05856451939771838
  }, 
  "AA.S0020.BXY": {
    "weight": 0.2083139777855349
  }, 
  "AA.S0021.BXY": {
    "weight": 0.24436273815778817
  }, 
  "AA.S0022.BXY": {
    "weight": 0.07842160679328639
  }, 
  "AA.S0023.BXY": {
    "weight": 0.04578530737747355
  }, 
  "AA.S0024.BXY": {
    "weight": 0.1636870164193362
  }, 
  "AA.S0025.BXY": {
    "weight": 0.6914085307851487
  }, 
  "AA.S0026.BXY": {
    "weight": 0.052363992630344046
  }, 
  "AA.S0027.BXY": {
    "weight": 0.12790390572654836
  }, 
  "AA.S0028.BXY": {
    "weight": 0.11690652946775205
  }, 
  "AA.S0029.BXY": {
    "weight": 0.05031058221652547
  }, 
  "AA.S0030.BXY": {
    "weight": 0.0490042928709353
  }, 
  "AA.S0031.BXY": {
    "weight": 0.13447264130439152
  }, 
  "AA.S0032.BXY": {
    "weight": 0.17216361221776091
  }, 
  "AA.S0033.BXY": {
    "weight": 0.2787138239800221
  }, 
  "AA.S0034.BXY": {
    "weight": 0.42052791817854185
  }, 
  "AA.S0035.BXY": {
    "weight": 0.3815401279506811
  }, 
  "AA.S0036.BXY": {
    "weight": 0.1975232794289116
  }, 
  "AA.S0037.BXY": {
    "weight": 0.1816794009183671
  }, 
  "AA.S0038.BXY": {
    "weight": 0.189909446532362
  }, 
  "AA.S0039.BXY": {
    "weight": 0.0666724680556998
  }, 
  "AA.S0040.BXY": {
    "weight": 0.2064118161797961
  }, 
  "AA.S0041.BXY": {
    "weight": 0.5232695968679129
  }, 
  "AA.S0042.BXY": {
    "weight": 0.35735103901742465
  }, 
  "AA.S0043.BXY": {
    "weight": 0.04870099316323197
  }, 
  "AA.S0044.BXY": {
    "weight": 0.7316922640022625
  }, 
  "AA.S0045.BXY": {
    "weight": 0.3858755242690129
  }, 
  "AA.S0046.BXY": {
    "weight": 0.1991788446125415
  }, 
  "AA.S0047.BXY": {
    "weight": 0.3190125015244003
  }, 
  "AA.S0048.BXY": {
    "weight": 0.221448464446835
  }, 
  "AA.S0049.BXY": {
    "weight": 0.05111485052324375
  }, 
  "AA.S0050.BXY": {
    "weight": 0.04738525186096476
  }, 
  "AA.S0051.BXY": {
    "weight": 0.6747803608534849
  }, 
  "AA.S0052.BXY": {
    "weight": 0.21463715703836542
  }, 
  "AA.S0053.BXY": {
    "weight": 0.06089744346052461
  }, 
  "AA.S0054.BXY": {
    "weight": 0.04395956261067676
  }, 
  "AA.S0055.BXY": {
    "weight": 0.14043856046015687
  }, 
  "AA.S0056.BXY": {
    "weight": 0.16364640770801295
  }, 
  "AA.S0057.BXY": {
    "weight": 0.12529705522632514
  }, 
  "AA.S0058.BXY": {
    "weight": 0.06946602593594185
  }, 
  "AA.S0059.BXY": {
    "weight": 0.25558903056888466
  }, 
  "AA.S0060.BXY": {
    "weight": 0.30068292545633213
  }, 
  "AA.S0061.BXY": {
    "weight": 0.04705756557502954
  }, 
  "AA.S0062.BXY": {
    "weight": 0.09983951569615492
  }, 
  "AA.S0063.BXY": {
    "weight": 0.28822031524646446
  }, 
  "AA.S0064.BXY": {
    "weight": 0.12838681371172003
  }, 
  "AA.S0065.BXY": {
    "weight": 0.06443063388649611
  }, 
  "AA.S0066.BXY": {
    "weight": 0.09760007738674219
  }, 
  "AA.S0067.BXY": {
    "weight": 0.19244062342992205
  }, 
  "AA.S0068.BXY": {
    "weight": 0.3097046967917102
  }, 
  "AA.S0069.BXY": {
    "weight": 0.5074779791854189
  }, 
  "AA.S0070.BXY": {
    "weight": 0.10562715847776763
  }, 
  "AA.S0071.BXY": {
    "weight": 0.5151716517603092
  }, 
  "AA.S0072.BXY": {
    "weight": 0.0515817478086226
  }, 
  "AA.S0073.BXY": {
    "weight": 0.319357539609452
  }, 
  "AA.S0074.BXY": {
    "weight": 0.17073375688301695
  }, 
  "AA.S0075.BXY": {
    "weight": 0.04870686121202902
  }, 
  "AA.S0076.BXY": {
    "weight": 0.26151218332752196
  }, 
  "AA.S0077.BXY": {
    "weight": 0.11590243732170633
  }, 
  "AA.S0078.BXY": {
    "weight": 0.04586801942578183
  }, 
  "AA.S0079.BXY": {
    "weight": 0.08016915703699459
  }, 
  "AA.S0080.BXY": {
    "weight": 0.051305983037655226
  }, 
  "AA.S0081.BXY": {
    "weight": 0.06275005789667637
  }, 
  "AA.S0082.BXY": {
    "weight": 0.08821062875787557
  }, 
  "AA.S0083.BXY": {
    "weight": 0.12376595764525837
  }, 
  "AA.S0084.BXY": {
    "weight": 0.15594793468951806
  }, 
  "AA.S0085.BXY": {
    "weight": 0.07174009575563259
  }, 
  "AA.S0086.BXY": {
    "weight": 0.058698074078471024
  }, 
  "AA.S0087.BXY": {
    "weight": 0.04777127444666528
  }, 
  "AA.S0088.BXY": {
    "weight": 0.0691015982710939
  }, 
  "AA.S0089.BXY": {
    "weight": 0.33875959677437856
  }, 
  "AA.S0090.BXY": {
    "weight": 0.07698069147307969
  }, 
  "AA.S0091.BXY": {
    "weight": 0.044405598554992556
  }, 
  "AA.S0092.BXY": {
    "weight": 0.07408701583657475
  }, 
  "AA.S0093.BXY": {
    "weight": 0.18269803394906897
  }, 
  "AA.S0094.BXY": {
    "weight": 0.3722497494905889
  }, 
  "AA.S0095.BXY": {
    "weight": 0.46982872069926307
  }, 
  "AA.S0096.BXY": {
    "weight": 0.09345236037107933
  }, 
  "AA.S0097.BXY": {
    "weight": 0.6945691785336793
  }, 
  "AA.S0098.BXY": {
    "weight": 0.48419055775232694
  }, 
  "AA.S0099.BXY": {
    "weight": 0.11474173849742657
  }, 
  "AA.S0100.BXY": {
    "weight": 0.2227219926456335
  }, 
  "AA.S0101.BXY": {
    "weight": 0.20544811487454895
  }, 
  "AA.S0102.BXY": {
    "weight": 0.14013881132844824
  }, 
  "AA.S0103.BXY": {
    "weight": 0.8076185605455387
  }, 
  "AA.S0104.BXY": {
    "weight": 0.3090329119201655
  }, 
  "AA.S0105.BXY": {
    "weight": 0.05082157058768582
  }, 
  "AA.S0106.BXY": {
    "weight": 0.7903979823569091
  }, 
  "AA.S0107.BXY": {
    "weight": 0.06533937871630278
  }, 
  "AA.S0108.BXY": {
    "weight": 0.6296060006421692
  }, 
  "AA.S0109.BXY": {
    "weight": 0.059397315990539226
  }, 
  "AA.S0110.BXY": {
    "weight": 0.21305183512972567
  }, 
  "AA.S0111.BXY": {
    "weight": 0.14847674571091452
  }, 
  "AA.S0112.BXY": {
    "weight": 0.08071777213001773
  }, 
  "AA.S0113.BXY": {
    "weight": 0.053866443673628465
  }, 
  "AA.S0114.BXY": {
    "weight": 0.09588585897157369
  }, 
  "AA.S0115.BXY": {
    "weight": 0.20094057431871035
  }, 
  "AA.S0116.BXY": {
    "weight": 0.08455834672602085
  }, 
  "AA.S0117.BXY": {
    "weight": 0.30070579980999146
  }, 
  "AA.S0118.BXY": {
    "weight": 0.33743760774181214
  }, 
  "AA.S0119.BXY": {
    "weight": 0.1415864144775531
  }, 
  "AA.S0120.BXY": {
    "weight": 0.08541812394788062
  }, 
  "AA.S0121.BXY": {
    "weight": 0.4344719009222661
  }, 
  "AA.S0122.BXY": {
    "weight": 0.04451931778244788
  }, 
  "AA.S0123.BXY": {
    "weight": 0.08229992395490446
  }, 
  "AA.S0124.BXY": {
    "weight": 0.5440581168695154
  }, 
  "AA.S0125.BXY": {
    "weight": 0.14670246039848803
  }, 
  "AA.S0126.BXY": {
    "weight": 0.31921780809073935
  }, 
  "AA.S0127.BXY": {
    "weight": 0.23336708050378868
  }, 
  "AA.S0128.BXY": {
    "weight": 0.24719317061286245
  }, 
  "AA.S0129.BXY": {
    "weight": 0.174226666127284
  }, 
  "AA.S0130.BXY": {
    "weight": 0.04717903786208444
  }, 
  "AA.S0131.BXY": {
    "weight": 0.06493102501775155
  }, 
  "AA.S0132.BXY": {
    "weight": 0.04524052916848331
  }
}