{
  "AA.S0001.BXY": {
    "weight": 0.7604332507625279
  }, 
  "AA.S0002.BXY": {
    "weight": 0.9893394372013854
  }, 
  "AA.S0003.BXY": {
    "weight": 0.9996197802436492
  }, 
  "AA.S0004.BXY": {
    "weight": 0.9999979717225925
  }, 
  "AA.S0005.BXY": {
    "weight": 0.999165316402339
  }, 
  "AA.S0006.BXY": {
    "weight": 0.8793419194347339
  }, 
  "AA.S0007.BXY": {
    "weight": 0.9999999999992355
  }, 
  "AA.S0008.BXY": {
    "weight": 0.9968285144695487
  }, 
  "AA.S0009.BXY": {
    "weight": 0.9997020769556991
  }, 
  "AA.S0010.BXY": {
    "weight": 0.8662910720045616
  }, 
  "AA.S0011.BXY": {
    "weight": 0.9985845006931571
  }, 
  "AA.S0012.BXY": {
    "weight": 0.9998285018346525
  }, 
  "AA.S0013.BXY": {
    "weight": 0.7481409853205718
  }, 
  "AA.S0014.BXY": {
    "weight": 0.9999955749282433
  }, 
  "AA.S0015.BXY": {
    "weight": 0.9563872966101628
  }, 
  "AA.S0016.BXY": {
    "weight": 0.9970727775004018
  }, 
  "AA.S0017.BXY": {
    "weight": 0.999978612209041
  }, 
  "AA.S0018.BXY": {
    "weight": 0.8682334348225756
  }, 
  "AA.S0019.BXY": {
    "weight": 0.7631861248881969
  }, 
  "AA.S0020.BXY": {
    "weight": 0.9999999215246153
  }, 
  "AA.S0021.BXY": {
    "weight": 0.9998079827854838
  }, 
  "AA.S0022.BXY": {
    "weight": 0.7760884491795349
  }, 
  "AA.S0023.BXY": {
    "weight": 0.4253941488916301
  }, 
  "AA.S0024.BXY": {
    "weight": 0.8242294350221641
  }, 
  "AA.S0025.BXY": {
    "weight": 1.0
  }, 
  "AA.S0026.BXY": {
    "weight": 0.6518820265207881
  }, 
  "AA.S0027.BXY": {
    "weight": 0.9150273577827549
  }, 
  "AA.S0028.BXY": {
    "weight": 0.9825305834220802
  }, 
  "AA.S0029.BXY": {
    "weight": 0.6122070185623694
  }, 
  "AA.S0030.BXY": {
    "weight": 0.529226818185417
  }, 
  "AA.S0031.BXY": {
    "weight": 0.9985553411334377
  }, 
  "AA.S0032.BXY": {
    "weight": 0.9436565586190353
  }, 
  "AA.S0033.BXY": {
    "weight": 0.9999065393025977
  }, 
  "AA.S0034.BXY": {
    "weight": 0.9999999448336411
  }, 
  "AA.S0035.BXY": {
    "weight": 0.9999999410057537
  }, 
  "AA.S0036.BXY": {
    "weight": 0.9999294674622434
  }, 
  "AA.S0037.BXY": {
    "weight": 0.9360714691504943
  }, 
  "AA.S0038.BXY": {
    "weight": 0.9866352973949374
  }, 
  "AA.S0039.BXY": {
    "weight": 0.7127969568023771
  }, 
  "AA.S0040.BXY": {
    "weight": 0.9998233424998414
  }, 
  "AA.S0041.BXY": {
    "weight": 0.999999999999988
  }, 
  "AA.S0042.BXY": {
    "weight": 0.996410269332338
  }, 
  "AA.S0043.BXY": {
    "weight": 0.6072985085143174
  }, 
  "AA.S0044.BXY": {
    "weight": 1.0
  }, 
  "AA.S0045.BXY": {
    "weight": 0.9999991932762435
  }, 
  "AA.S0046.BXY": {
    "weight": 0.9998251365886818
  }, 
  "AA.S0047.BXY": {
    "weight": 0.9998435577653376
  }, 
  "AA.S0048.BXY": {
    "weight": 0.9999925768870257
  }, 
  "AA.S0049.BXY": {
    "weight": 0.6379743540794391
  }, 
  "AA.S0050.BXY": {
    "weight": 0.3669308837787558
  }, 
  "AA.S0051.BXY": {
    "weight": 0.9999999999999978
  }, 
  "AA.S0052.BXY": {
    "weight": 0.999998692566841
  }, 
  "AA.S0053.BXY": {
    "weight": 0.49911089821878846
  }, 
  "AA.S0054.BXY": {
    "weight": 0.5080543936205003
  }, 
  "AA.S0055.BXY": {
    "weight": 0.9977600722295319
  }, 
  "AA.S0056.BXY": {
    "weight": 0.9993481742380645
  }, 
  "AA.S0057.BXY": {
    "weight": 0.9999712270591112
  }, 
  "AA.S0058.BXY": {
    "weight": 0.8925248063888649
  }, 
  "AA.S0059.BXY": {
    "weight": 0.99993078265105
  }, 
  "AA.S0060.BXY": {
    "weight": 0.9999786081940957
  }, 
  "AA.S0061.BXY": {
    "weight": 0.43970829694701274
  }, 
  "AA.S0062.BXY": {
    "weight": 0.984847760056551
  }, 
  "AA.S0063.BXY": {
    "weight": 0.9997020729457807
  }, 
  "AA.S0064.BXY": {
    "weight": 0.8960159462184699
  }, 
  "AA.S0065.BXY": {
    "weight": 0.7604394693375637
  }, 
  "AA.S0066.BXY": {
    "weight": 0.9594834391682209
  }, 
  "AA.S0067.BXY": {
    "weight": 0.9996837236079972
  }, 
  "AA.S0068.BXY": {
    "weight": 0.9997871210733795
  }, 
  "AA.S0069.BXY": {
    "weight": 0.9999999999974862
  }, 
  "AA.S0070.BXY": {
    "weight": 0.8678042341089807
  }, 
  "AA.S0071.BXY": {
    "weight": 0.9999995763208164
  }, 
  "AA.S0072.BXY": {
    "weight": 0.6689580890989302
  }, 
  "AA.S0073.BXY": {
    "weight": 0.9964102698564777
  }, 
  "AA.S0074.BXY": {
    "weight": 0.8471100148450349
  }, 
  "AA.S0075.BXY": {
    "weight": 0.6312897865068718
  }, 
  "AA.S0076.BXY": {
    "weight": 0.9274564303049967
  }, 
  "AA.S0077.BXY": {
    "weight": 0.9554497946189502
  }, 
  "AA.S0078.BXY": {
    "weight": 0.4834035658197611
  }, 
  "AA.S0079.BXY": {
    "weight": 0.9720616442520162
  }, 
  "AA.S0080.BXY": {
    "weight": 0.4191966465387162
  }, 
  "AA.S0081.BXY": {
    "weight": 0.789674880297655
  }, 
  "AA.S0082.BXY": {
    "weight": 0.9651567907549572
  }, 
  "AA.S0083.BXY": {
    "weight": 0.8328140094872101
  }, 
  "AA.S0084.BXY": {
    "weight": 0.9999924986112534
  }, 
  "AA.S0085.BXY": {
    "weight": 0.9693921625373741
  }, 
  "AA.S0086.BXY": {
    "weight": 0.484623820827086
  }, 
  "AA.S0087.BXY": {
    "weight": 0.6207303478613977
  }, 
  "AA.S0088.BXY": {
    "weight": 0.7753761729204829
  }, 
  "AA.S0089.BXY": {
    "weight": 0.999999999637146
  }, 
  "AA.S0090.BXY": {
    "weight": 0.5342564869867894
  }, 
  "AA.S0091.BXY": {
    "weight": 0.5037892500035295
  }, 
  "AA.S0092.BXY": {
    "weight": 0.5238155200820753
  }, 
  "AA.S0093.BXY": {
    "weight": 0.9991330620717132
  }, 
  "AA.S0094.BXY": {
    "weight": 0.9999999995349718
  }, 
  "AA.S0095.BXY": {
    "weight": 0.9999999999999993
  }, 
  "AA.S0096.BXY": {
    "weight": 0.9569334274904985
  }, 
  "AA.S0097.BXY": {
    "weight": 0.9999999999998574
  }, 
  "AA.S0098.BXY": {
    "weight": 0.9999999999999791
  }, 
  "AA.S0099.BXY": {
    "weight": 0.9595795429996614
  }, 
  "AA.S0100.BXY": {
    "weight": 0.9901311676289476
  }, 
  "AA.S0101.BXY": {
    "weight": 0.9118667375110231
  }, 
  "AA.S0102.BXY": {
    "weight": 0.9052295979415456
  }, 
  "AA.S0103.BXY": {
    "weight": 1.0
  }, 
  "AA.S0104.BXY": {
    "weight": 0.9998164197887103
  }, 
  "AA.S0105.BXY": {
    "weight": 0.40179039905105124
  }, 
  "AA.S0106.BXY": {
    "weight": 0.9999999999999993
  }, 
  "AA.S0107.BXY": {
    "weight": 0.846754191301786
  }, 
  "AA.S0108.BXY": {
    "weight": 0.9999999993738711
  }, 
  "AA.S0109.BXY": {
    "weight": 0.9255131841346677
  }, 
  "AA.S0110.BXY": {
    "weight": 0.9949255647887659
  }, 
  "AA.S0111.BXY": {
    "weight": 0.9542160256367598
  }, 
  "AA.S0112.BXY": {
    "weight": 0.9123114402955373
  }, 
  "AA.S0113.BXY": {
    "weight": 0.5921218489227315
  }, 
  "AA.S0114.BXY": {
    "weight": 0.9810910661340616
  }, 
  "AA.S0115.BXY": {
    "weight": 0.9887649907840912
  }, 
  "AA.S0116.BXY": {
    "weight": 0.9645337019970921
  }, 
  "AA.S0117.BXY": {
    "weight": 0.9999995609051938
  }, 
  "AA.S0118.BXY": {
    "weight": 0.9999998998207429
  }, 
  "AA.S0119.BXY": {
    "weight": 0.9618661328378925
  }, 
  "AA.S0120.BXY": {
    "weight": 0.9135515565417212
  }, 
  "AA.S0121.BXY": {
    "weight": 0.999999522045586
  }, 
  "AA.S0122.BXY": {
    "weight": 0.47791025793380754
  }, 
  "AA.S0123.BXY": {
    "weight": 0.9878479382086076
  }, 
  "AA.S0124.BXY": {
    "weight": 0.9999999993738711
  }, 
  "AA.S0125.BXY": {
    "weight": 0.7608576904285728
  }, 
  "AA.S0126.BXY": {
    "weight": 0.9999991698352322
  }, 
  "AA.S0127.BXY": {
    "weight": 0.9999781612779809
  }, 
  "AA.S0128.BXY": {
    "weight": 0.9961567842609631
  }, 
  "AA.S0129.BXY": {
    "weight": 0.9447525163328471
  }, 
  "AA.S0130.BXY": {
    "weight": 0.5383833667987468
  }, 
  "AA.S0131.BXY": {
    "weight": 0.8309452167121384
  }, 
  "AA.S0132.BXY": {
    "weight": 0.42809811632294015
  }
}