{
  "AA.A0000.BXY": {
    "weight": 0.4767310713191008
  }, 
  "AA.A0001.BXY": {
    "weight": 0.37004927876809773
  }, 
  "AA.A0002.BXY": {
    "weight": 0.3641180981260002
  }, 
  "AA.A0003.BXY": {
    "weight": 0.36404405144549196
  }, 
  "AA.A0004.BXY": {
    "weight": 0.36404388766010015
  }, 
  "AA.A0005.BXY": {
    "weight": 0.3640438875969287
  }, 
  "AA.A0006.BXY": {
    "weight": 0.36404388759692435
  }, 
  "AA.A0007.BXY": {
    "weight": 0.36404388759692435
  }, 
  "AA.A0008.BXY": {
    "weight": 0.36404388759692435
  }, 
  "AA.A0009.BXY": {
    "weight": 0.3640438875969287
  }, 
  "AA.A0010.BXY": {
    "weight": 0.3640438876601001
  }, 
  "AA.A0011.BXY": {
    "weight": 0.36404405144549196
  }, 
  "AA.A0012.BXY": {
    "weight": 0.36411809812600027
  }, 
  "AA.A0013.BXY": {
    "weight": 0.37004927876809773
  }, 
  "AA.A0014.BXY": {
    "weight": 0.4767310713191007
  }, 
  "AA.A0015.BXY": {
    "weight": 0.3700492787680978
  }, 
  "AA.A0016.BXY": {
    "weight": 0.28724049459979645
  }, 
  "AA.A0017.BXY": {
    "weight": 0.2826365800431503
  }, 
  "AA.A0018.BXY": {
    "weight": 0.2825791033600354
  }, 
  "AA.A0019.BXY": {
    "weight": 0.28257897622616523
  }, 
  "AA.A0020.BXY": {
    "weight": 0.2825789761771301
  }, 
  "AA.A0021.BXY": {
    "weight": 0.2825789761771268
  }, 
  "AA.A0022.BXY": {
    "weight": 0.2825789761771268
  }, 
  "AA.A0023.BXY": {
    "weight": 0.28257897617712685
  }, 
  "AA.A0024.BXY": {
    "weight": 0.2825789761771301
  }, 
  "AA.A0025.BXY": {
    "weight": 0.28257897622616523
  }, 
  "AA.A0026.BXY": {
    "weight": 0.28257910336003544
  }, 
  "AA.A0027.BXY": {
    "weight": 0.28263658004315034
  }, 
  "AA.A0028.BXY": {
    "weight": 0.28724049459979645
  }, 
  "AA.A0029.BXY": {
    "weight": 0.37004927876809773
  }, 
  "AA.A0030.BXY": {
    "weight": 0.3641180981260002
  }, 
  "AA.A0031.BXY": {
    "weight": 0.28263658004315034
  }, 
  "AA.A0032.BXY": {
    "weight": 0.2781064574122368
  }, 
  "AA.A0033.BXY": {
    "weight": 0.2780499019701831
  }, 
  "AA.A0034.BXY": {
    "weight": 0.2780497768740251
  }, 
  "AA.A0035.BXY": {
    "weight": 0.2780497768257759
  }, 
  "AA.A0036.BXY": {
    "weight": 0.2780497768257727
  }, 
  "AA.A0037.BXY": {
    "weight": 0.2780497768257727
  }, 
  "AA.A0038.BXY": {
    "weight": 0.2780497768257727
  }, 
  "AA.A0039.BXY": {
    "weight": 0.2780497768257759
  }, 
  "AA.A0040.BXY": {
    "weight": 0.2780497768740251
  }, 
  "AA.A0041.BXY": {
    "weight": 0.2780499019701831
  }, 
  "AA.A0042.BXY": {
    "weight": 0.2781064574122368
  }, 
  "AA.A0043.BXY": {
    "weight": 0.28263658004315034
  }, 
  "AA.A0044.BXY": {
    "weight": 0.3641180981260002
  }, 
  "AA.A0045.BXY": {
    "weight": 0.364044051445492
  }, 
  "AA.A0046.BXY": {
    "weight": 0.2825791033600354
  }, 
  "AA.A0047.BXY": {
    "weight": 0.2780499019701831
  }, 
  "AA.A0048.BXY": {
    "weight": 0.2779933580291856
  }, 
  "AA.A0049.BXY": {
    "weight": 0.2779932329584671
  }, 
  "AA.A0050.BXY": {
    "weight": 0.2779932329102278
  }, 
  "AA.A0051.BXY": {
    "weight": 0.2779932329102245
  }, 
  "AA.A0052.BXY": {
    "weight": 0.2779932329102245
  }, 
  "AA.A0053.BXY": {
    "weight": 0.2779932329102245
  }, 
  "AA.A0054.BXY": {
    "weight": 0.27799323291022776
  }, 
  "AA.A0055.BXY": {
    "weight": 0.2779932329584671
  }, 
  "AA.A0056.BXY": {
    "weight": 0.2779933580291856
  }, 
  "AA.A0057.BXY": {
    "weight": 0.27804990197018303
  }, 
  "AA.A0058.BXY": {
    "weight": 0.2825791033600354
  }, 
  "AA.A0059.BXY": {
    "weight": 0.364044051445492
  }, 
  "AA.A0060.BXY": {
    "weight": 0.3640438876601001
  }, 
  "AA.A0061.BXY": {
    "weight": 0.2825789762261652
  }, 
  "AA.A0062.BXY": {
    "weight": 0.2780497768740251
  }, 
  "AA.A0063.BXY": {
    "weight": 0.2779932329584671
  }, 
  "AA.A0064.BXY": {
    "weight": 0.2779931078878049
  }, 
  "AA.A0065.BXY": {
    "weight": 0.2779931078395656
  }, 
  "AA.A0066.BXY": {
    "weight": 0.2779931078395623
  }, 
  "AA.A0067.BXY": {
    "weight": 0.27799310783956227
  }, 
  "AA.A0068.BXY": {
    "weight": 0.27799310783956227
  }, 
  "AA.A0069.BXY": {
    "weight": 0.27799310783956555
  }, 
  "AA.A0070.BXY": {
    "weight": 0.2779931078878049
  }, 
  "AA.A0071.BXY": {
    "weight": 0.2779932329584671
  }, 
  "AA.A0072.BXY": {
    "weight": 0.2780497768740251
  }, 
  "AA.A0073.BXY": {
    "weight": 0.2825789762261652
  }, 
  "AA.A0074.BXY": {
    "weight": 0.3640438876601001
  }, 
  "AA.A0075.BXY": {
    "weight": 0.3640438875969287
  }, 
  "AA.A0076.BXY": {
    "weight": 0.2825789761771301
  }, 
  "AA.A0077.BXY": {
    "weight": 0.2780497768257759
  }, 
  "AA.A0078.BXY": {
    "weight": 0.27799323291022776
  }, 
  "AA.A0079.BXY": {
    "weight": 0.27799310783956555
  }, 
  "AA.A0080.BXY": {
    "weight": 0.2779931077913262
  }, 
  "AA.A0081.BXY": {
    "weight": 0.2779931077913229
  }, 
  "AA.A0082.BXY": {
    "weight": 0.27799310779132297
  }, 
  "AA.A0083.BXY": {
    "weight": 0.27799310779132297
  }, 
  "AA.A0084.BXY": {
    "weight": 0.27799310779132624
  }, 
  "AA.A0085.BXY": {
    "weight": 0.27799310783956555
  }, 
  "AA.A0086.BXY": {
    "weight": 0.2779932329102278
  }, 
  "AA.A0087.BXY": {
    "weight": 0.2780497768257759
  }, 
  "AA.A0088.BXY": {
    "weight": 0.2825789761771301
  }, 
  "AA.A0089.BXY": {
    "weight": 0.36404388759692863
  }, 
  "AA.A0090.BXY": {
    "weight": 0.36404388759692435
  }, 
  "AA.A0091.BXY": {
    "weight": 0.2825789761771268
  }, 
  "AA.A0092.BXY": {
    "weight": 0.2780497768257727
  }, 
  "AA.A0093.BXY": {
    "weight": 0.27799323291022454
  }, 
  "AA.A0094.BXY": {
    "weight": 0.27799310783956227
  }, 
  "AA.A0095.BXY": {
    "weight": 0.2779931077913229
  }, 
  "AA.A0096.BXY": {
    "weight": 0.2779931077913197
  }, 
  "AA.A0097.BXY": {
    "weight": 0.2779931077913197
  }, 
  "AA.A0098.BXY": {
    "weight": 0.2779931077913197
  }, 
  "AA.A0099.BXY": {
    "weight": 0.2779931077913229
  }, 
  "AA.A0100.BXY": {
    "weight": 0.2779931078395623
  }, 
  "AA.A0101.BXY": {
    "weight": 0.27799323291022454
  }, 
  "AA.A0102.BXY": {
    "weight": 0.2780497768257727
  }, 
  "AA.A0103.BXY": {
    "weight": 0.28257897617712685
  }, 
  "AA.A0104.BXY": {
    "weight": 0.36404388759692435
  }, 
  "AA.A0105.BXY": {
    "weight": 0.3640438875969243
  }, 
  "AA.A0106.BXY": {
    "weight": 0.2825789761771268
  }, 
  "AA.A0107.BXY": {
    "weight": 0.2780497768257727
  }, 
  "AA.A0108.BXY": {
    "weight": 0.2779932329102245
  }, 
  "AA.A0109.BXY": {
    "weight": 0.27799310783956227
  }, 
  "AA.A0110.BXY": {
    "weight": 0.27799310779132297
  }, 
  "AA.A0111.BXY": {
    "weight": 0.2779931077913197
  }, 
  "AA.A0112.BXY": {
    "weight": 0.27799310779131975
  }, 
  "AA.A0113.BXY": {
    "weight": 0.27799310779131975
  }, 
  "AA.A0114.BXY": {
    "weight": 0.27799310779132297
  }, 
  "AA.A0115.BXY": {
    "weight": 0.27799310783956227
  }, 
  "AA.A0116.BXY": {
    "weight": 0.27799323291022454
  }, 
  "AA.A0117.BXY": {
    "weight": 0.2780497768257727
  }, 
  "AA.A0118.BXY": {
    "weight": 0.2825789761771268
  }, 
  "AA.A0119.BXY": {
    "weight": 0.36404388759692435
  }, 
  "AA.A0120.BXY": {
    "weight": 0.3640438875969243
  }, 
  "AA.A0121.BXY": {
    "weight": 0.2825789761771268
  }, 
  "AA.A0122.BXY": {
    "weight": 0.2780497768257727
  }, 
  "AA.A0123.BXY": {
    "weight": 0.2779932329102245
  }, 
  "AA.A0124.BXY": {
    "weight": 0.27799310783956227
  }, 
  "AA.A0125.BXY": {
    "weight": 0.27799310779132297
  }, 
  "AA.A0126.BXY": {
    "weight": 0.27799310779131975
  }, 
  "AA.A0127.BXY": {
    "weight": 0.2779931077913197
  }, 
  "AA.A0128.BXY": {
    "weight": 0.2779931077913197
  }, 
  "AA.A0129.BXY": {
    "weight": 0.277993107791323
  }, 
  "AA.A0130.BXY": {
    "weight": 0.27799310783956227
  }, 
  "AA.A0131.BXY": {
    "weight": 0.27799323291022454
  }, 
  "AA.A0132.BXY": {
    "weight": 0.2780497768257727
  }, 
  "AA.A0133.BXY": {
    "weight": 0.2825789761771268
  },