{
  "AA.A0000.BXY": {
    "weight": 0.716503692469996
  }, 
  "AA.A0001.BXY": {
    "weight": 0.5674855830631736
  }, 
  "AA.A0002.BXY": {
    "weight": 0.7086487494819462
  }, 
  "AA.A0003.BXY": {
    "weight": 0.47243875049450895
  }, 
  "AA.A0004.BXY": {
    "weight": 0.37855610764650605
  }, 
  "AA.A0005.BXY": {
    "weight": 0.3926080314777272
  }, 
  "AA.A0006.BXY": {
    "weight": 0.4177290266082508
  }, 
  "AA.A0007.BXY": {
    "weight": 0.5352895714478951
  }, 
  "AA.A0008.BXY": {
    "weight": 0.6164718912412605
  }, 
  "AA.A0009.BXY": {
    "weight": 0.6093275274039744
  }, 
  "AA.A0010.BXY": {
    "weight": 0.6513378012890675
  }, 
  "AA.A0011.BXY": {
    "weight": 0.5870163088883747
  }, 
  "AA.A0012.BXY": {
    "weight": 0.7236222356751948
  }, 
  "AA.A0013.BXY": {
    "weight": 0.9713326980702878
  }, 
  "AA.A0014.BXY": {
    "weight": 0.9012633510341621
  }, 
  "AA.A0015.BXY": {
    "weight": 0.6204434891095347
  }, 
  "AA.A0016.BXY": {
    "weight": 0.6203324930234048
  }, 
  "AA.A0017.BXY": {
    "weight": 0.7945642650301808
  }, 
  "AA.A0018.BXY": {
    "weight": 0.35657221297328673
  }, 
  "AA.A0019.BXY": {
    "weight": 0.3498300913829682
  }, 
  "AA.A0020.BXY": {
    "weight": 0.3407965808336345
  }, 
  "AA.A0021.BXY": {
    "weight": 0.3278108543343703
  }, 
  "AA.A0022.BXY": {
    "weight": 0.4920576020962894
  }, 
  "AA.A0023.BXY": {
    "weight": 0.7139932315234351
  }, 
  "AA.A0024.BXY": {
    "weight": 0.5103947536535307
  }, 
  "AA.A0025.BXY": {
    "weight": 0.6927083514321896
  }, 
  "AA.A0026.BXY": {
    "weight": 0.4922893172555219
  }, 
  "AA.A0027.BXY": {
    "weight": 0.5102503272292539
  }, 
  "AA.A0028.BXY": {
    "weight": 0.7418544675278316
  }, 
  "AA.A0029.BXY": {
    "weight": 0.8956090038420564
  }, 
  "AA.A0030.BXY": {
    "weight": 0.9727481220493357
  }, 
  "AA.A0031.BXY": {
    "weight": 0.9829487369037135
  }, 
  "AA.A0032.BXY": {
    "weight": 0.6879158840778967
  }, 
  "AA.A0033.BXY": {
    "weight": 0.43891209655999236
  }, 
  "AA.A0034.BXY": {
    "weight": 0.49530542310919534
  }, 
  "AA.A0035.BXY": {
    "weight": 0.9615354277109752
  }, 
  "AA.A0036.BXY": {
    "weight": 0.8035944114052324
  }, 
  "AA.A0037.BXY": {
    "weight": 0.35314470394501163
  }, 
  "AA.A0038.BXY": {
    "weight": 0.3472818134779606
  }, 
  "AA.A0039.BXY": {
    "weight": 0.34428828132539824
  }, 
  "AA.A0040.BXY": {
    "weight": 0.5343701426560207
  }, 
  "AA.A0041.BXY": {
    "weight": 0.47331718693627417
  }, 
  "AA.A0042.BXY": {
    "weight": 0.5711171397962724
  }, 
  "AA.A0043.BXY": {
    "weight": 0.5276505598320438
  }, 
  "AA.A0044.BXY": {
    "weight": 0.819122870580953
  }, 
  "AA.A0045.BXY": {
    "weight": 0.9286510071922567
  }, 
  "AA.A0046.BXY": {
    "weight": 0.8391801312069275
  }, 
  "AA.A0047.BXY": {
    "weight": 0.8928262406412055
  }, 
  "AA.A0048.BXY": {
    "weight": 0.9999999600896403
  }, 
  "AA.A0049.BXY": {
    "weight": 0.49246690205232974
  }, 
  "AA.A0050.BXY": {
    "weight": 0.4068403660527876
  }, 
  "AA.A0051.BXY": {
    "weight": 0.47271891896072143
  }, 
  "AA.A0052.BXY": {
    "weight": 0.7445996664059318
  }, 
  "AA.A0053.BXY": {
    "weight": 0.8007575741034175
  }, 
  "AA.A0054.BXY": {
    "weight": 0.9583887952833778
  }, 
  "AA.A0055.BXY": {
    "weight": 0.893644964577007
  }, 
  "AA.A0056.BXY": {
    "weight": 0.978113078743298
  }, 
  "AA.A0057.BXY": {
    "weight": 0.8417664196249341
  }, 
  "AA.A0058.BXY": {
    "weight": 0.6740203679911694
  }, 
  "AA.A0059.BXY": {
    "weight": 0.4054313808301691
  }, 
  "AA.A0060.BXY": {
    "weight": 0.5405089927078072
  }, 
  "AA.A0061.BXY": {
    "weight": 0.4261307202949699
  }, 
  "AA.A0062.BXY": {
    "weight": 0.5416080150767812
  }, 
  "AA.A0063.BXY": {
    "weight": 0.9394264661428481
  }, 
  "AA.A0064.BXY": {
    "weight": 0.4768707318307711
  }, 
  "AA.A0065.BXY": {
    "weight": 0.5437304166874691
  }, 
  "AA.A0066.BXY": {
    "weight": 0.8090030392453986
  }, 
  "AA.A0067.BXY": {
    "weight": 0.7297299461695798
  }, 
  "AA.A0068.BXY": {
    "weight": 0.8812647997446187
  }, 
  "AA.A0069.BXY": {
    "weight": 0.9686847320181765
  }, 
  "AA.A0070.BXY": {
    "weight": 0.434343154981922
  }, 
  "AA.A0071.BXY": {
    "weight": 0.39768658463576173
  }, 
  "AA.A0072.BXY": {
    "weight": 0.4310736813228781
  }, 
  "AA.A0073.BXY": {
    "weight": 0.7124651059073998
  }, 
  "AA.A0074.BXY": {
    "weight": 0.6336540826085387
  }, 
  "AA.A0075.BXY": {
    "weight": 0.6383890707803291
  }, 
  "AA.A0076.BXY": {
    "weight": 0.5347228869548012
  }, 
  "AA.A0077.BXY": {
    "weight": 0.42173868708826595
  }, 
  "AA.A0078.BXY": {
    "weight": 0.37845530015787365
  }, 
  "AA.A0079.BXY": {
    "weight": 0.42035342222667077
  }, 
  "AA.A0080.BXY": {
    "weight": 0.8679310602251519
  }, 
  "AA.A0081.BXY": {
    "weight": 0.9122379660412411
  }, 
  "AA.A0082.BXY": {
    "weight": 0.4958195967234646
  }, 
  "AA.A0083.BXY": {
    "weight": 0.5095377133940469
  }, 
  "AA.A0084.BXY": {
    "weight": 0.7332401397276811
  }, 
  "AA.A0085.BXY": {
    "weight": 0.4764641418720617
  }, 
  "AA.A0086.BXY": {
    "weight": 0.47577425922428407
  }, 
  "AA.A0087.BXY": {
    "weight": 0.5405479015290073
  }, 
  "AA.A0088.BXY": {
    "weight": 0.7880865099523401
  }, 
  "AA.A0089.BXY": {
    "weight": 0.7637346706599327
  }, 
  "AA.A0090.BXY": {
    "weight": 0.38137164706592447
  }, 
  "AA.A0091.BXY": {
    "weight": 0.36596098285031026
  }, 
  "AA.A0092.BXY": {
    "weight": 0.4406813920041147
  }, 
  "AA.A0093.BXY": {
    "weight": 0.5192436249597646
  }, 
  "AA.A0094.BXY": {
    "weight": 0.7052829555257286
  }, 
  "AA.A0095.BXY": {
    "weight": 0.6446124202401554
  }, 
  "AA.A0096.BXY": {
    "weight": 0.6405157027884986
  }, 
  "AA.A0097.BXY": {
    "weight": 0.9196227131053416
  }, 
  "AA.A0098.BXY": {
    "weight": 0.7111512033241777
  }, 
  "AA.A0099.BXY": {
    "weight": 0.6006259251055917
  }, 
  "AA.A0100.BXY": {
    "weight": 0.527228089674437
  }, 
  "AA.A0101.BXY": {
    "weight": 0.3902377158084756
  }, 
  "AA.A0102.BXY": {
    "weight": 0.53123379436402
  }, 
  "AA.A0103.BXY": {
    "weight": 0.4030782108430655
  }, 
  "AA.A0104.BXY": {
    "weight": 0.38339975522227676
  }, 
  "AA.A0105.BXY": {
    "weight": 0.6003833113071134
  }, 
  "AA.A0106.BXY": {
    "weight": 0.5359257874195675
  }, 
  "AA.A0107.BXY": {
    "weight": 0.5361292273051109
  }, 
  "AA.A0108.BXY": {
    "weight": 0.3973113347095007
  }, 
  "AA.A0109.BXY": {
    "weight": 0.39823901586325383
  }, 
  "AA.A0110.BXY": {
    "weight": 0.5041762722489016
  }, 
  "AA.A0111.BXY": {
    "weight": 0.5594448586257597
  }, 
  "AA.A0112.BXY": {
    "weight": 0.5865696079011471
  }, 
  "AA.A0113.BXY": {
    "weight": 0.5677453572812081
  }, 
  "AA.A0114.BXY": {
    "weight": 0.7405386783254232
  }, 
  "AA.A0115.BXY": {
    "weight": 0.4799413589718897
  }, 
  "AA.A0116.BXY": {
    "weight": 0.5406769426558016
  }, 
  "AA.A0117.BXY": {
    "weight": 0.5659472272300863
  }, 
  "AA.A0118.BXY": {
    "weight": 0.6214779603282037
  }, 
  "AA.A0119.BXY": {
    "weight": 0.4911320736932794
  }, 
  "AA.A0120.BXY": {
    "weight": 0.3737549164072607
  }, 
  "AA.A0121.BXY": {
    "weight": 0.42226821510137125
  }
}