{
  "AA.S0001.BXY": {
    "weight": 0.4877911784103309
  }, 
  "AA.S0002.BXY": {
    "weight": 0.5378065233471951
  }, 
  "AA.S0003.BXY": {
    "weight": 0.7918805386775789
  }, 
  "AA.S0004.BXY": {
    "weight": 0.9546914862669965
  }, 
  "AA.S0005.BXY": {
    "weight": 0.7778665847241011
  }, 
  "AA.S0006.BXY": {
    "weight": 0.4734114200427413
  }, 
  "AA.S0007.BXY": {
    "weight": 0.9989036041984602
  }, 
  "AA.S0008.BXY": {
    "weight": 0.7054907574480962
  }, 
  "AA.S0009.BXY": {
    "weight": 0.8688394053603256
  }, 
  "AA.S0010.BXY": {
    "weight": 0.423569734397967
  }, 
  "AA.S0011.BXY": {
    "weight": 0.7401064598520918
  }, 
  "AA.S0012.BXY": {
    "weight": 0.8876004640027869
  }, 
  "AA.S0013.BXY": {
    "weight": 0.23499532790225908
  }, 
  "AA.S0014.BXY": {
    "weight": 0.9567630079956465
  }, 
  "AA.S0015.BXY": {
    "weight": 0.5771235485792688
  }, 
  "AA.S0016.BXY": {
    "weight": 0.7183059985345196
  }, 
  "AA.S0017.BXY": {
    "weight": 0.9313782625781116
  }, 
  "AA.S0018.BXY": {
    "weight": 0.3938406579424786
  }, 
  "AA.S0019.BXY": {
    "weight": 0.31033005911397393
  }, 
  "AA.S0020.BXY": {
    "weight": 0.9761480252135997
  }, 
  "AA.S0021.BXY": {
    "weight": 0.8038652582876158
  }, 
  "AA.S0022.BXY": {
    "weight": 0.31276166758481166
  }, 
  "AA.S0023.BXY": {
    "weight": 0.17253832723085794
  }, 
  "AA.S0024.BXY": {
    "weight": 0.47904628262319543
  }, 
  "AA.S0025.BXY": {
    "weight": 0.9999595428087921
  }, 
  "AA.S0026.BXY": {
    "weight": 0.2374057457282041
  }, 
  "AA.S0027.BXY": {
    "weight": 0.5199802914976274
  }, 
  "AA.S0028.BXY": {
    "weight": 0.6069436475599526
  }, 
  "AA.S0029.BXY": {
    "weight": 0.18171084630969372
  }, 
  "AA.S0030.BXY": {
    "weight": 0.17924149715241505
  }, 
  "AA.S0031.BXY": {
    "weight": 0.7639253900101016
  }, 
  "AA.S0032.BXY": {
    "weight": 0.6001986361884354
  }, 
  "AA.S0033.BXY": {
    "weight": 0.8714087963384591
  }, 
  "AA.S0034.BXY": {
    "weight": 0.9825267505387244
  }, 
  "AA.S0035.BXY": {
    "weight": 0.9838697351233522
  }, 
  "AA.S0036.BXY": {
    "weight": 0.8697302213211703
  }, 
  "AA.S0037.BXY": {
    "weight": 0.5262018276189069
  }, 
  "AA.S0038.BXY": {
    "weight": 0.5866362354455301
  }, 
  "AA.S0039.BXY": {
    "weight": 0.29600329741913134
  }, 
  "AA.S0040.BXY": {
    "weight": 0.8674741409513717
  }, 
  "AA.S0041.BXY": {
    "weight": 0.999715412148977
  }, 
  "AA.S0042.BXY": {
    "weight": 0.8078103465038613
  }, 
  "AA.S0043.BXY": {
    "weight": 0.189380091644048
  }, 
  "AA.S0044.BXY": {
    "weight": 0.9999767360670285
  }, 
  "AA.S0045.BXY": {
    "weight": 0.9707066859616515
  }, 
  "AA.S0046.BXY": {
    "weight": 0.8511113764778283
  }, 
  "AA.S0047.BXY": {
    "weight": 0.8653984059704916
  }, 
  "AA.S0048.BXY": {
    "weight": 0.9468838519412438
  }, 
  "AA.S0049.BXY": {
    "weight": 0.17193357720797514
  }, 
  "AA.S0050.BXY": {
    "weight": 0.1521796448504519
  }, 
  "AA.S0051.BXY": {
    "weight": 0.9998189877703042
  }, 
  "AA.S0052.BXY": {
    "weight": 0.9319238565956681
  }, 
  "AA.S0053.BXY": {
    "weight": 0.265303521679962
  }, 
  "AA.S0054.BXY": {
    "weight": 0.1459651916371802
  }, 
  "AA.S0055.BXY": {
    "weight": 0.6718785707401916
  }, 
  "AA.S0056.BXY": {
    "weight": 0.7466821200543203
  }, 
  "AA.S0057.BXY": {
    "weight": 0.8498191494040426
  }, 
  "AA.S0058.BXY": {
    "weight": 0.36913494767442256
  }, 
  "AA.S0059.BXY": {
    "weight": 0.9130155531053882
  }, 
  "AA.S0060.BXY": {
    "weight": 0.931123286985519
  }, 
  "AA.S0061.BXY": {
    "weight": 0.15449749758501635
  }, 
  "AA.S0062.BXY": {
    "weight": 0.5172678570789735
  }, 
  "AA.S0063.BXY": {
    "weight": 0.8806804543898618
  }, 
  "AA.S0064.BXY": {
    "weight": 0.45868596624393665
  }, 
  "AA.S0065.BXY": {
    "weight": 0.3043340121372992
  }, 
  "AA.S0066.BXY": {
    "weight": 0.51380822478071
  }, 
  "AA.S0067.BXY": {
    "weight": 0.8309199403472594
  }, 
  "AA.S0068.BXY": {
    "weight": 0.8142333237273142
  }, 
  "AA.S0069.BXY": {
    "weight": 0.9987572879309864
  }, 
  "AA.S0070.BXY": {
    "weight": 0.457569968440452
  }, 
  "AA.S0071.BXY": {
    "weight": 0.9778732340805005
  }, 
  "AA.S0072.BXY": {
    "weight": 0.2400065359065483
  }, 
  "AA.S0073.BXY": {
    "weight": 0.8078188148124075
  }, 
  "AA.S0074.BXY": {
    "weight": 0.5272007508509704
  }, 
  "AA.S0075.BXY": {
    "weight": 0.22012753991051873
  }, 
  "AA.S0076.BXY": {
    "weight": 0.6114750871093122
  }, 
  "AA.S0077.BXY": {
    "weight": 0.5645002113425085
  }, 
  "AA.S0078.BXY": {
    "weight": 0.17678590515058126
  }, 
  "AA.S0079.BXY": {
    "weight": 0.48404939982588824
  }, 
  "AA.S0080.BXY": {
    "weight": 0.17978197633661708
  }, 
  "AA.S0081.BXY": {
    "weight": 0.3345196980460313
  }, 
  "AA.S0082.BXY": {
    "weight": 0.43733485184294557
  }, 
  "AA.S0083.BXY": {
    "weight": 0.417352807724049
  }, 
  "AA.S0084.BXY": {
    "weight": 0.8960576760146884
  }, 
  "AA.S0085.BXY": {
    "weight": 0.4481616749178277
  }, 
  "AA.S0086.BXY": {
    "weight": 0.24614455000127422
  }, 
  "AA.S0087.BXY": {
    "weight": 0.20877226460966278
  }, 
  "AA.S0088.BXY": {
    "weight": 0.3313538764354291
  }, 
  "AA.S0089.BXY": {
    "weight": 0.9951751127492728
  }, 
  "AA.S0090.BXY": {
    "weight": 0.2942917576116801
  }, 
  "AA.S0091.BXY": {
    "weight": 0.15858977032800847
  }, 
  "AA.S0092.BXY": {
    "weight": 0.2864696994855677
  }, 
  "AA.S0093.BXY": {
    "weight": 0.8099979686952884
  }, 
  "AA.S0094.BXY": {
    "weight": 0.9953290352174217
  }, 
  "AA.S0095.BXY": {
    "weight": 0.9998668689863583
  }, 
  "AA.S0096.BXY": {
    "weight": 0.4508367188073222
  }, 
  "AA.S0097.BXY": {
    "weight": 0.9995247017654447
  }, 
  "AA.S0098.BXY": {
    "weight": 0.9995530038800435
  }, 
  "AA.S0099.BXY": {
    "weight": 0.6141494950342293
  }, 
  "AA.S0100.BXY": {
    "weight": 0.6679230064440316
  }, 
  "AA.S0101.BXY": {
    "weight": 0.4597799188173957
  }, 
  "AA.S0102.BXY": {
    "weight": 0.49089919082171396
  }, 
  "AA.S0103.BXY": {
    "weight": 0.99999342047882
  }, 
  "AA.S0104.BXY": {
    "weight": 0.8570792286206704
  }, 
  "AA.S0105.BXY": {
    "weight": 0.17681457715215104
  }, 
  "AA.S0106.BXY": {
    "weight": 0.999885541225136
  }, 
  "AA.S0107.BXY": {
    "weight": 0.31676485633726476
  }, 
  "AA.S0108.BXY": {
    "weight": 0.9958487871454154
  }, 
  "AA.S0109.BXY": {
    "weight": 0.3073785441575376
  }, 
  "AA.S0110.BXY": {
    "weight": 0.759278774641422
  }, 
  "AA.S0111.BXY": {
    "weight": 0.5376367722884073
  }, 
  "AA.S0112.BXY": {
    "weight": 0.3819108306132129
  }, 
  "AA.S0113.BXY": {
    "weight": 0.197425153333556
  }, 
  "AA.S0114.BXY": {
    "weight": 0.45723065709700084
  }, 
  "AA.S0115.BXY": {
    "weight": 0.632057053234001
  }, 
  "AA.S0116.BXY": {
    "weight": 0.5735127625168874
  }, 
  "AA.S0117.BXY": {
    "weight": 0.9646630572735811
  }, 
  "AA.S0118.BXY": {
    "weight": 0.9727572035611205
  }, 
  "AA.S0119.BXY": {
    "weight": 0.5182819803749406
  }, 
  "AA.S0120.BXY": {
    "weight": 0.40782896404142666
  }, 
  "AA.S0121.BXY": {
    "weight": 0.9655564271074671
  }, 
  "AA.S0122.BXY": {
    "weight": 0.1436508166004171
  }, 
  "AA.S0123.BXY": {
    "weight": 0.6323514276491508
  }, 
  "AA.S0124.BXY": {
    "weight": 0.9957930310817107
  }, 
  "AA.S0125.BXY": {
    "weight": 0.506929973342981
  }, 
  "AA.S0126.BXY": {
    "weight": 0.9612143033404393
  }, 
  "AA.S0127.BXY": {
    "weight": 0.8762122210400861
  }, 
  "AA.S0128.BXY": {
    "weight": 0.7438190287749636
  }, 
  "AA.S0129.BXY": {
    "weight": 0.6079279401508559
  }, 
  "AA.S0130.BXY": {
    "weight": 0.2039742727487081
  }, 
  "AA.S0131.BXY": {
    "weight": 0.29558341412855293
  }, 
  "AA.S0132.BXY": {
    "weight": 0.1413319462172005
  }
}