{
  "AU.TOO.BXY": {
    "weight": 0.091184080455831165
  }, 
  "BK.PKD.BXY": {
    "weight": 0.042975413795737549
  }, 
  "CI.EDW2.BXY": {
    "weight": 0.042980511469095754
  }, 
  "CI.VCS.BXY": {
    "weight": 0.042963550213167438
  }, 
  "CU.BCIP.BXY": {
    "weight": 0.050301767593119689
  }, 
  "G.SPB.BXY": {
    "weight": 0.080166715571281369
  }, 
  "GT.LPAZ.BXY": {
    "weight": 0.062808386970527375
  }, 
  "GT.PLCA.BXY": {
    "weight": 0.078564990648666705
  }, 
  "IC.HIA.BXY": {
    "weight": 0.077566523253777941
  }, 
  "IC.MDJ.BXY": {
    "weight": 0.071075816144675855
  }, 
  "IC.QIZ.BXY": {
    "weight": 0.080294905888152163
  }, 
  "IU.ANTO.BXY": {
    "weight": 0.17883610036618511
  }, 
  "IU.CHTO.BXY": {
    "weight": 0.087543070026127018
  }, 
  "IU.MAJO.BXY": {
    "weight": 0.065712286367110448
  }, 
  "IU.SFJD.BXY": {
    "weight": 0.070755484882960532
  }, 
  "KZ.KKAR.BXY": {
    "weight": 0.11539033883541543
  }, 
  "MY.SBM.BXY": {
    "weight": 0.08275032363631879
  }, 
  "NR.NE80.BXY": {
    "weight": 0.043132091497273067
  }, 
  "PS.OGS.BXY": {
    "weight": 0.063537803965500128
  }, 
  "PS.PATS.BXY": {
    "weight": 0.059838880434010887
  }, 
  "TA.218A.BXY": {
    "weight": 0.043291698995851696
  }, 
  "TA.HAST.BXY": {
    "weight": 0.042986673946037314
  }, 
  "TA.M14A.BXY": {
    "weight": 0.043579989363238585
  }, 
  "TA.P12A.BXY": {
    "weight": 0.043338801501896985
  }, 
  "TA.P13A.BXY": {
    "weight": 0.043379056632841209
  }, 
  "TA.R10A.BXY": {
    "weight": 0.043202357071762475
  }, 
  "TA.U04C.BXY": {
    "weight": 0.042991944359790646
  }, 
  "TA.U05C.BXY": {
    "weight": 0.042998859648346668
  }, 
  "TA.V03C.BXY": {
    "weight": 0.042971901218574957
  }, 
  "TA.V04C.BXY": {
    "weight": 0.042958454411340483
  }, 
  "TA.X13A.BXY": {
    "weight": 0.043127097650252098
  }, 
  "TA.Y12C.BXY": {
    "weight": 0.043067879073484423
  }, 
  "US.DUG.BXY": {
    "weight": 0.043498888823798737
  }, 
  "US.JFWS.BXY": {
    "weight": 0.04669083343973323
  }
}