{
  "AU.CTA.BXY": {
    "weight": 0.066534066023038352
  }, 
  "AU.LHI.BXY": {
    "weight": 0.068421752668478358
  }, 
  "AU.MEEK.BXY": {
    "weight": 0.069110976131795746
  }, 
  "AU.MOO.BXY": {
    "weight": 0.070688993557728022
  }, 
  "AU.MORW.BXY": {
    "weight": 0.070028173157280202
  }, 
  "AU.MTN.BXY": {
    "weight": 0.06656057765850483
  }, 
  "AU.NFK.BXY": {
    "weight": 0.068741542867973113
  }, 
  "AU.QIS.BXY": {
    "weight": 0.066572209523057466
  }, 
  "CU.ANWB.BXY": {
    "weight": 0.059654321214513292
  }, 
  "CU.BBGH.BXY": {
    "weight": 0.059422974236614856
  }, 
  "CU.GRGR.BXY": {
    "weight": 0.059576137016666933
  }, 
  "CU.SDDR.BXY": {
    "weight": 0.060780227395430098
  }, 
  "G.FDF.BXY": {
    "weight": 0.059531607441756264
  }, 
  "G.FOMA.BXY": {
    "weight": 0.10488448762320213
  }, 
  "GE.DAG.BXY": {
    "weight": 0.083298821913023971
  }, 
  "GT.DBIC.BXY": {
    "weight": 0.068379794854008469
  }, 
  "GT.VNDA.BXY": {
    "weight": 0.092103024154003829
  }, 
  "IC.HIA.BXY": {
    "weight": 0.087431885902606254
  }, 
  "II.EFI.BXY": {
    "weight": 0.084833846817228983
  }, 
  "II.KIV.BXY": {
    "weight": 0.10482455634387222
  }, 
  "II.MSVF.BXY": {
    "weight": 0.068742867381167916
  }, 
  "II.TAU.BXY": {
    "weight": 0.070839370044411251
  }, 
  "IU.ANMO.BXY": {
    "weight": 0.072199295801907176
  }, 
  "IU.ANTO.BXY": {
    "weight": 0.11111320953109594
  }, 
  "IU.CTAO.BXY": {
    "weight": 0.066534173457036036
  }, 
  "IU.GNI.BXY": {
    "weight": 0.10173978160141575
  }, 
  "IU.KIEV.BXY": {
    "weight": 0.11970690039842417
  }, 
  "IU.PAB.BXY": {
    "weight": 0.069549096605321728
  }, 
  "IU.PTGA.BXY": {
    "weight": 0.060519258556679202
  }, 
  "IU.RCBR.BXY": {
    "weight": 0.062487581198190048
  }, 
  "IU.TRQA.BXY": {
    "weight": 0.074248066584204978
  }, 
  "KN.ULHL.BXY": {
    "weight": 0.087775588533870838
  }, 
  "KZ.BVAR.BXY": {
    "weight": 0.095811802071259403
  }, 
  "LX.MESJ.BXY": {
    "weight": 0.067706927488355287
  }, 
  "MN.RTC.BXY": {
    "weight": 0.067513277461300272
  }, 
  "NA.SABA.BXY": {
    "weight": 0.059778804562374131
  }, 
  "PM.PESTR.BXY": {
    "weight": 0.068149791127841808
  }, 
  "PM.PFVI.BXY": {
    "weight": 0.067351673779839555
  }, 
  "PM.PVAQ.BXY": {
    "weight": 0.067800717636746721
  }
}