{
  "AA.S0001.BXY": {
    "weight": 0.0254747091984896
  }, 
  "AA.S0002.BXY": {
    "weight": 0.034205119611516836
  }, 
  "AA.S0003.BXY": {
    "weight": 0.02492584977581444
  }, 
  "AA.S0004.BXY": {
    "weight": 0.06437197078410913
  }, 
  "AA.S0005.BXY": {
    "weight": 0.027796867775995677
  }, 
  "AA.S0006.BXY": {
    "weight": 0.02517748408021538
  }, 
  "AA.S0007.BXY": {
    "weight": 0.06907247444369412
  }, 
  "AA.S0008.BXY": {
    "weight": 0.025396829890652235
  }, 
  "AA.S0009.BXY": {
    "weight": 0.04601080832581387
  }, 
  "AA.S0010.BXY": {
    "weight": 0.02027511144951913
  }, 
  "AA.S0011.BXY": {
    "weight": 0.03569381260933991
  }, 
  "AA.S0012.BXY": {
    "weight": 0.03880203089710641
  }, 
  "AA.S0013.BXY": {
    "weight": 0.02046909679258534
  }, 
  "AA.S0014.BXY": {
    "weight": 0.10022581925104261
  }, 
  "AA.S0015.BXY": {
    "weight": 0.026633833925908068
  }, 
  "AA.S0016.BXY": {
    "weight": 0.029353194818278396
  }, 
  "AA.S0017.BXY": {
    "weight": 0.06593471471664021
  }, 
  "AA.S0018.BXY": {
    "weight": 0.01994539957992689
  }, 
  "AA.S0019.BXY": {
    "weight": 0.0197655735724706
  }, 
  "AA.S0020.BXY": {
    "weight": 0.032586090492711814
  }, 
  "AA.S0021.BXY": {
    "weight": 0.08237556370488583
  }, 
  "AA.S0022.BXY": {
    "weight": 0.021982311603301653
  }, 
  "AA.S0023.BXY": {
    "weight": 0.01927072766608212
  }, 
  "AA.S0024.BXY": {
    "weight": 0.04364497251563856
  }, 
  "AA.S0025.BXY": {
    "weight": 0.11203657888080078
  }, 
  "AA.S0026.BXY": {
    "weight": 0.0202600076352772
  }, 
  "AA.S0027.BXY": {
    "weight": 0.030920430153361576
  }, 
  "AA.S0028.BXY": {
    "weight": 0.026350440496205645
  }, 
  "AA.S0029.BXY": {
    "weight": 0.020875696038489815
  }, 
  "AA.S0030.BXY": {
    "weight": 0.020317762796374938
  }, 
  "AA.S0031.BXY": {
    "weight": 0.031304107212057966
  }, 
  "AA.S0032.BXY": {
    "weight": 0.04360169760940076
  }, 
  "AA.S0033.BXY": {
    "weight": 0.09256049990598152
  }, 
  "AA.S0034.BXY": {
    "weight": 0.08692774848465441
  }, 
  "AA.S0035.BXY": {
    "weight": 0.07331943973569165
  }, 
  "AA.S0036.BXY": {
    "weight": 0.029394474978408084
  }, 
  "AA.S0037.BXY": {
    "weight": 0.04933203400527906
  }, 
  "AA.S0038.BXY": {
    "weight": 0.05612405223785222
  }, 
  "AA.S0039.BXY": {
    "weight": 0.022949903701252102
  }, 
  "AA.S0040.BXY": {
    "weight": 0.0365324117074353
  }, 
  "AA.S0041.BXY": {
    "weight": 0.06805730834908456
  }, 
  "AA.S0042.BXY": {
    "weight": 0.05893016739616489
  }, 
  "AA.S0043.BXY": {
    "weight": 0.02021147617265381
  }, 
  "AA.S0044.BXY": {
    "weight": 0.11667444676888741
  }, 
  "AA.S0045.BXY": {
    "weight": 0.07044922039868676
  }, 
  "AA.S0046.BXY": {
    "weight": 0.04187606202867462
  }, 
  "AA.S0047.BXY": {
    "weight": 0.09611021673801058
  }, 
  "AA.S0048.BXY": {
    "weight": 0.03518187479798621
  }, 
  "AA.S0049.BXY": {
    "weight": 0.021234799444523778
  }, 
  "AA.S0050.BXY": {
    "weight": 0.020631606750178142
  }, 
  "AA.S0051.BXY": {
    "weight": 0.17603859190700477
  }, 
  "AA.S0052.BXY": {
    "weight": 0.032959181454913396
  }, 
  "AA.S0053.BXY": {
    "weight": 0.021490768869614662
  }, 
  "AA.S0054.BXY": {
    "weight": 0.01962618037624652
  }, 
  "AA.S0055.BXY": {
    "weight": 0.031036177408970786
  }, 
  "AA.S0056.BXY": {
    "weight": 0.0335182743198213
  }, 
  "AA.S0057.BXY": {
    "weight": 0.023836040459652496
  }, 
  "AA.S0058.BXY": {
    "weight": 0.021924153283679425
  }, 
  "AA.S0059.BXY": {
    "weight": 0.03262719970210528
  }, 
  "AA.S0060.BXY": {
    "weight": 0.05762847338706597
  }, 
  "AA.S0061.BXY": {
    "weight": 0.020305657508518465
  }, 
  "AA.S0062.BXY": {
    "weight": 0.023430423589469118
  }, 
  "AA.S0063.BXY": {
    "weight": 0.048889616898811696
  }, 
  "AA.S0064.BXY": {
    "weight": 0.03450167871931518
  }, 
  "AA.S0065.BXY": {
    "weight": 0.0202692858088876
  }, 
  "AA.S0066.BXY": {
    "weight": 0.026952896719551696
  }, 
  "AA.S0067.BXY": {
    "weight": 0.040576316088031375
  }, 
  "AA.S0068.BXY": {
    "weight": 0.11049187404045825
  }, 
  "AA.S0069.BXY": {
    "weight": 0.08655252838455614
  }, 
  "AA.S0070.BXY": {
    "weight": 0.025606625752527413
  }, 
  "AA.S0071.BXY": {
    "weight": 0.16112494340112088
  }, 
  "AA.S0072.BXY": {
    "weight": 0.019366056387862533
  }, 
  "AA.S0073.BXY": {
    "weight": 0.04908361893812494
  }, 
  "AA.S0074.BXY": {
    "weight": 0.045148421616371844
  }, 
  "AA.S0075.BXY": {
    "weight": 0.01946395091664092
  }, 
  "AA.S0076.BXY": {
    "weight": 0.07215900679273572
  }, 
  "AA.S0077.BXY": {
    "weight": 0.027175066127387366
  }, 
  "AA.S0078.BXY": {
    "weight": 0.019384385493778005
  }, 
  "AA.S0079.BXY": {
    "weight": 0.023318092406702604
  }, 
  "AA.S0080.BXY": {
    "weight": 0.021295385729726304
  }, 
  "AA.S0081.BXY": {
    "weight": 0.019937980451559326
  }, 
  "AA.S0082.BXY": {
    "weight": 0.023102856054792394
  }, 
  "AA.S0083.BXY": {
    "weight": 0.031836403033725647
  }, 
  "AA.S0084.BXY": {
    "weight": 0.03224977328211598
  }, 
  "AA.S0085.BXY": {
    "weight": 0.021074256455080598
  }, 
  "AA.S0086.BXY": {
    "weight": 0.021311109090120062
  }, 
  "AA.S0087.BXY": {
    "weight": 0.019111518416728285
  }, 
  "AA.S0088.BXY": {
    "weight": 0.023382303031524564
  }, 
  "AA.S0089.BXY": {
    "weight": 0.04127411199680508
  }, 
  "AA.S0090.BXY": {
    "weight": 0.021815149873567478
  }, 
  "AA.S0091.BXY": {
    "weight": 0.019232977041421566
  }, 
  "AA.S0092.BXY": {
    "weight": 0.021435544192921374
  }, 
  "AA.S0093.BXY": {
    "weight": 0.04708934630631858
  }, 
  "AA.S0094.BXY": {
    "weight": 0.06424564208696988
  }, 
  "AA.S0095.BXY": {
    "weight": 0.046287447842846566
  }, 
  "AA.S0096.BXY": {
    "weight": 0.023479057789895078
  }, 
  "AA.S0097.BXY": {
    "weight": 0.0685701982623053
  }, 
  "AA.S0098.BXY": {
    "weight": 0.06265903778290988
  }, 
  "AA.S0099.BXY": {
    "weight": 0.024218928924249206
  }, 
  "AA.S0100.BXY": {
    "weight": 0.05765890006635909
  }, 
  "AA.S0101.BXY": {
    "weight": 0.06016022938390598
  }, 
  "AA.S0102.BXY": {
    "weight": 0.03348567531329506
  }, 
  "AA.S0103.BXY": {
    "weight": 0.15920492369969078
  }, 
  "AA.S0104.BXY": {
    "weight": 0.09731183645521302
  }, 
  "AA.S0105.BXY": {
    "weight": 0.021166832366250044
  }, 
  "AA.S0106.BXY": {
    "weight": 0.11421782893154135
  }, 
  "AA.S0107.BXY": {
    "weight": 0.02297857760450671
  }, 
  "AA.S0108.BXY": {
    "weight": 0.14659658522582172
  }, 
  "AA.S0109.BXY": {
    "weight": 0.020327801701645727
  }, 
  "AA.S0110.BXY": {
    "weight": 0.06325159489545341
  }, 
  "AA.S0111.BXY": {
    "weight": 0.03432611214517266
  }, 
  "AA.S0112.BXY": {
    "weight": 0.02220081856288142
  }, 
  "AA.S0113.BXY": {
    "weight": 0.02129858862342149
  }, 
  "AA.S0114.BXY": {
    "weight": 0.02420153388896421
  }, 
  "AA.S0115.BXY": {
    "weight": 0.06403468873844927
  }, 
  "AA.S0116.BXY": {
    "weight": 0.021298682410668887
  }, 
  "AA.S0117.BXY": {
    "weight": 0.0459315144570037
  }, 
  "AA.S0118.BXY": {
    "weight": 0.06757982125816057
  }, 
  "AA.S0119.BXY": {
    "weight": 0.0390281796807114
  }, 
  "AA.S0120.BXY": {
    "weight": 0.0253108147137663
  }, 
  "AA.S0121.BXY": {
    "weight": 0.12126606318929514
  }, 
  "AA.S0122.BXY": {
    "weight": 0.0199983435290798
  }, 
  "AA.S0123.BXY": {
    "weight": 0.021399377347148633
  }, 
  "AA.S0124.BXY": {
    "weight": 0.11493670881654601
  }, 
  "AA.S0125.BXY": {
    "weight": 0.02679646800603799
  }, 
  "AA.S0126.BXY": {
    "weight": 0.058537844498669576
  }, 
  "AA.S0127.BXY": {
    "weight": 0.04585108367396954
  }, 
  "AA.S0128.BXY": {
    "weight": 0.07823696881031941
  }, 
  "AA.S0129.BXY": {
    "weight": 0.03887807022843606
  }, 
  "AA.S0130.BXY": {
    "weight": 0.019227302647574458
  }, 
  "AA.S0131.BXY": {
    "weight": 0.022784208616313615
  }, 
  "AA.S0132.BXY": {
    "weight": 0.020181230597214325
  }
}